CustomerID,FullName,ContactNumber,Email
1,Bradford Rafe,,
2,Sharon Lazare,,
3,Eba Harriagn,,
4,Silas Asson,,
5,Jill O'Sirin,,
6,Melisse Southeran,,
7,Felix Ouver,,
8,Alard Briat,,
9,Norby Foord,,
10,Susette O'Neil,,
11,Klement Brothwell,,
12,Ezequiel Benion,,
13,Christoper Myrkus,,
14,Tatiania O'Crigane,,
15,Adrianne Freeland,,
16,Marchelle Annes,,
17,Rhody Dobbin,,
18,Elora Eliesco,,
19,Reg Lepper,,
20,Olly Dobbinson,,
21,Nicole Linnit,,
22,Aubine Chardin,,
23,Lorne Boldry,,
24,Nessie Wheal,,
25,Artair Lant,,
26,Cissy Blondelle,,
27,Brunhilda Beeze,,
28,Aaron Cromley,,
29,Saul Parsonage,,
30,Joanie Swindley,,
31,Fielding Struys,,
32,Amandi McConaghy,,
33,Ali Einchcombe,,
34,Deck Paulat,,
35,Reilly Domonkos,,
36,Averell Joint,,
37,Leone Klulisek,,
38,Leonard Fuxman,,
39,Raye Fyldes,,
40,Sarah Plaschke,,
41,Caterina Sweetnam,,
42,Margarita Mancktelow,,
43,Dodi Lenglet,,
44,Lauralee Beteriss,,
45,Cyndi Ruler,,
46,Kissie Gosford,,
47,Les Harmson,,
48,Adelheid Casolla,,
49,Gualterio Backshall,,
50,Sabina Corneille,,
51,Griz Tawse,,
52,Jory Glave,,
53,Adaline Reichartz,,
54,Mano Abrahamson,,
55,Zorana Diggin,,
56,Agnes Acey,,
57,Skipp Lowater,,
58,Ario Meekin,,
59,Shell Oldis,,
60,Guthry Galpin,,
61,Philomena Petracchi,,
62,Fredelia Snedden,,
63,Sabra Calbreath,,
64,Raven Cawkwell,,
65,Stephi Broose,,
66,Marsiella Duprey,,
67,Julie Brandes,,
68,Anna-diane Kopps,,
69,Xymenes Hands,,
70,Den Coppock.,,
71,Godfrey Jellicorse,,
72,Tammara Burgyn,,
73,Carroll Tear,,
74,Jobie Coaten,,
75,Chrotoem Estevez,,
76,Natala Stobbe,,
77,Lenci McFadzean,,
78,Laverna Skeermer,,
79,Weston Dearden,,
80,Ennis Dungate,,
81,Nerty Green,,
82,Rosanne Zorzutti,,
83,Amandie Rohmer,,
84,Cathe Snar,,
85,Katherine Midson,,
86,Rana Rait,,
87,Doreen Sothcott,,
88,Webster Lomax,,
89,Dell Hellsdon,,
90,Darby McLae,,
91,Livvyy Grombridge,,
92,Melloney Schimke,,
93,Everard Trasler,,
94,Ally McBrearty,,
95,Arthur Mathewson,,
96,Pincas Stearn,,
97,Annice Maxworthy,,
98,Evelyn Serrier,,
99,Kipp Coulling,,
100,Cornall Pimlock,,
101,Isidro Chelam,,
102,Steven Cornbell,,
103,Sheilah Maestro,,
104,Heida Bohden,,
105,Aurie Unthank,,
106,Cissiee Gobeau,,
107,Viviyan Lantiff,,
108,Abigail Struis,,
109,Cirillo Creamen,,
110,Salvidor Francesch,,
111,Anjela Shobrook,,
112,Launce Sowerbutts,,
113,Jessalin Dimitriades,,
114,Debbie Noteyoung,,
115,Lance Cheatle,,
116,Read Trusty,,
117,Gearard Rowston,,
118,Lorette Golsthorp,,
119,Elfrieda Umbers,,
120,Barby Noell,,
121,Bonnee Keller,,
122,Ondrea Keyser,,
123,Mattie Winyard,,
124,Karissa Sancraft,,
125,Celle Oller,,
126,Kalindi Ryman,,
127,Susie Torrisi,,
128,Linus Greer,,
129,Sindee Drynan,,
130,Jolee Linthead,,
131,Gallagher Benyon,,
132,Zach Bondley,,
133,Carol-jean Sodory,,
134,Gabrielle Coxall,,
135,Megan Beddows,,
136,Merrill Sawford,,
137,Ainslee Feighney,,
138,Malinde Firbanks,,
139,Zita Coldbath,,
140,Ibrahim Jurries,,
141,Brynn Roset,,
142,Jard Adderson,,
143,Giselle Abrahart,,
144,Prudence Eastlake,,
145,Evvie Crossby,,
146,Karee Colchett,,
147,Steward Pettinger,,
148,Lynsey Ludlamme,,
149,Desdemona Dobbinson,,
150,Rene Garn,,
151,Gay Skechley,,
152,Hanni Dunbleton,,
153,Charlot Warkup,,
154,Kelwin Ryle,,
155,Mathew Groucutt,,
156,Shanan Mingay,,
157,Chrotoem Harniman,,
158,Mona Rudwell,,
159,Adria Heller,,
160,Johnette Haitlie,,
161,Lind Haggath,,
162,Jesse Martelet,,
163,Natty Murt,,
164,Liam Downing,,
165,Amye Limbert,,
166,Ariadne Copeland,,
167,Tiertza Barford,,
168,Christen Jedrachowicz,,
169,Hale Danilchik,,
170,Karoline Pocock,,
171,Linc Martynov,,
172,Willi Voce,,
173,Antonella Ochterlony,,
174,Nev Bompas,,
175,Howie Flamank,,
176,Winn Raynes,,
177,Flem Haibel,,
178,Stan Clethro,,
179,Calvin Aucock,,
180,Uriel Grooby,,
181,Monique Fry,,
182,Enid Francescuccio,,
183,Gawain Willmont,,
184,Trixy Southwick,,
185,Brook Begent,,
186,Isador Saffen,,
187,Serene Steadman,,
188,Gigi Trunchion,,
189,Mariquilla Labbe,,
190,Martainn Van Zon,,
191,Janeva Silman,,
192,Kristoffer Pales,,
193,Horatio Codi,,
194,Hinda Giacopetti,,
195,Durante Bullers,,
196,Virginie Lammas,,
197,Dian Collough,,
198,Porty Auston,,
199,Doll Friary,,
200,Britta Barday,,
201,Willow Burmingham,,
202,Ag Gasking,,
203,Agretha Dutteridge,,
204,Nelie Cleare,,
205,Shandy Sefton,,
206,Magdalen Lacheze,,
207,Hermine Dorton,,
208,Rayna Strathearn,,
209,Hulda Nayshe,,
210,Paulie Lemerle,,
211,Veradis Tiddy,,
212,Lise Fegan,,
213,Charil Fanton,,
214,Ingamar Forker,,
215,Guthrey Juara,,
216,Gale Reeves,,
217,Cleon Moreton,,
218,Nertie Igglesden,,
219,Tyson Gahagan,,
220,Alida Dumphy,,
221,Jenn Josephoff,,
222,Melesa Halahan,,
223,Maighdiln Lamswood,,
224,Melicent Gieves,,
225,Farrel Teare,,
226,Padraic Zanutti,,
227,Mellicent Philliphs,,
228,Tildy Shanks,,
229,Baxy Dunkerley,,
230,Dusty Yedall,,
231,Ulick Tebboth,,
232,Ash Boise,,
233,Kelsy Schroder,,
234,Boniface Giovannilli,,
235,Galina Whaites,,
236,Anatole Desforges,,
237,Steward Doyland,,
238,Kaylyn Colebourne,,
239,Itch Merle,,
240,Granger Aiers,,
241,Delilah Ayerst,,
242,Gerta Sanday,,
243,Leonie Battin,,
244,Deane Benbough,,
245,Carleen Gyver,,
246,Kellyann Sambells,,
247,Jillayne Gaiford,,
248,Marice Leavens,,
249,Bree Bleas,,
250,Katrina Aylett,,
251,Tanner Garner,,
252,Rayner Lukianovich,,
253,Derry Davis,,
254,Madelin Giacomi,,
255,Hermione Crix,,
256,Jerrome Drohan,,
257,Petronille Scrimgeour,,
258,Lenore Tabb,,
259,Karel Welband,,
260,Elladine Kobiela,,
261,Annaliese Brunsden,,
262,Raquel Borham,,
263,Jenda Castellino,,
264,Cornela LaBastida,,
265,Waldo Tomkiss,,
266,Karoly Ivie,,
267,Noel Ladley,,
268,Dwain Eccott,,
269,Rowan Grover,,
270,Stirling Santry,,
271,Sullivan Eddoes,,
272,Jefferson Lauderdale,,
273,Sandy Rubinowicz,,
274,Jacquetta Plampin,,
275,Nels Ordish,,
276,Willa Wethered,,
277,Adria Koubu,,
278,Dorie Cammell,,
279,Mable Browncey,,
280,Althea Jaggli,,
281,Des Covet,,
282,Alexandr McGill,,
283,Spenser Wandless,,
284,Kaleena Philips,,
285,Lew Allot,,
286,Kenna Lideard,,
287,Ilario Michie,,
288,Colver McChesney,,
289,Paxon Jeffcoat,,
290,Ardene Davydenko,,
291,Herculie Eastment,,
292,Essy Licence,,
293,Kore Smurfit,,
294,Mary Demangel,,
295,Lottie Schultheiss,,
296,Phil Schapero,,
297,Aldin Purrier,,
298,Blancha Trippack,,
299,Aldrich Phythien,,
300,Torr Windrus,,
301,Doug Logg,,
302,Jo O'Nowlan,,
303,Melisent Claessens,,
304,Melodee Gartshore,,
305,Felice Fiddler,,
306,Ezequiel Cunniff,,
307,Christi Flute,,
308,Ellis Kops,,
309,Roxana Dicte,,
310,Ginelle Finnimore,,
311,Brook Rainger,,
312,Lethia Bodechon,,
313,Rafferty Guyonneau,,
314,Neely Frankcomb,,
315,Harriott Manby,,
316,Maison Shoreson,,
317,Alvan Winspare,,
318,Claire Morland,,
319,Dulcie Lax,,
320,Jere Whitebrook,,
321,Gilberta Sabberton,,
322,Garvin Guerrazzi,,
323,Phillipe Ropartz,,
324,Stephanie Uman,,
325,Lucretia Whyborn,,
326,Fawnia Bartosch,,
327,Orel Gawthrope,,
328,Reginauld Kelemen,,
329,Lucho McGerraghty,,
330,Boot Terbeck,,
331,Giffy Wreath,,
332,Mei Scrogges,,
333,Germaine Vallack,,
334,Sharai MacMenamin,,
335,Lana Boyne,,
336,Rodrigo D'Alessio,,
337,Janeva Buist,,
338,Renata Vlach,,
339,Terrye Littlechild,,
340,Ethelind Schnieder,,
341,Law Leinweber,,
342,Allie Turbard,,
343,Horatio Lundy,,
344,Ram Chaudhry,,
345,Kym Lepard,,
346,Tedda Plumridge,,
347,Shandeigh Andreas,,
348,Merill Leyninye,,
349,Florella McMullen,,
350,Marillin Tieman,,
351,Mateo Wightman,,
352,Lawrence O'Cahey,,
353,Ernestine Merrgen,,
354,Yardley Eliet,,
355,Mirna Rosita,,
356,Sherilyn Ilewicz,,
357,Sterne Salterne,,
358,Jethro Fenwick,,
359,Brandon Cocklie,,
360,Nancy Rollinshaw,,
361,Boot Burree,,
362,Emelda Furbank,,
363,Elliott Avard,,
364,Gerta Hehir,,
365,Erika Greensmith,,
366,Marcelia Kerswell,,
367,Harriett O'Sirin,,
368,Belle Priver,,
369,Dietrich Feetham,,
370,Donni Tatem,,
371,Malinde Blunn,,
372,Sherye Christmas,,
373,Burke Jupp,,
374,Sander Maloney,,
375,Grenville Hyne,,
376,Cirilo Koschek,,
377,Jozef Godson,,
378,Virgie Belhomme,,
379,Hynda Skeel,,
380,Haily Izakoff,,
381,Cordelia Whicher,,
382,Herve Tunmore,,
383,Theadora Huetson,,
384,Reuben Iannello,,
385,Terry Iannitti,,
386,Lulu Hastin,,
387,Sherm Probat,,
388,Kathleen Mac Giolla Pheadair,,
389,Rooney Milbourne,,
390,Thorin Jolliman,,
391,Sid Oultram,,
392,Josephine Archer,,
393,Jilly Bursnoll,,
394,Emmerich Ochterlony,,
395,Gennifer Koenen,,
396,Marillin Dennehy,,
397,Maible Dalgarno,,
398,Hervey Ganning,,
399,Donella Tomasini,,
400,Lilyan Schohier,,
401,Ephrem Steers,,
402,Clevey Garfit,,
403,Odilia Bockett,,
404,Gloriane Allsepp,,
405,Dominick Crafts,,
406,Florinda Cellier,,
407,Judy Swainson,,
408,Almeta Laird-Craig,,
409,Berkley Petrashov,,
410,Annamarie Taylot,,
411,Roi Critzen,,
412,Bobby Blazewski,,
413,Emmalynne Hairs,,
414,Selena Relton,,
415,Ravid Josephsen,,
416,Katy Pine,,
417,Celine Coopland,,
418,Wakefield Strotton,,
419,Seamus Hearl,,
420,Valida Greenhill,,
421,Annmarie Bountiff,,
422,Emilee Riddeough,,
423,Janith Bowra,,
424,Mattie Brenston,,
425,Stormi Duddin,,
426,Carolan Di Giacomo,,
427,Garek Gearty,,
428,Henryetta Kunes,,
429,Teriann Olivari,,
430,Riccardo Jahner,,
431,Cullie McBrady,,
432,Durand Kitt,,
433,Dyanne Labbet,,
434,Gavra Breslin,,
435,Maisie Matyushkin,,
436,Schuyler Walewski,,
437,Montgomery Spileman,,
438,Elvira Beverstock,,
439,Yvon Chasmor,,
440,Steffie Slemmonds,,
441,Bertrand Bilton,,
442,Candy Simoncelli,,
443,Antonino McMains,,
444,Wandie Yeeles,,
445,Melessa Lecordier,,
446,Ogdon Petr,,
447,Mignonne Shepland,,
448,Richie Brydson,,
449,Mill Lambell,,
450,Terencio Loche,,
451,Grenville Bottomore,,
452,Nickolai Balmer,,
453,Haskel Bowell,,
454,Sibley Rodder,,
455,Arnie Jay,,
456,Quinn Stamps,,
457,Hebert Aubin,,
458,Braden Bartolacci,,
459,Jacky Shapero,,
460,Ram Sinclaire,,
461,Julietta Legerwood,,
462,Joycelin Loghan,,
463,Ermina Kitter,,
464,Tibold MacGorley,,
465,Mady McMennum,,
466,Harlie Jindracek,,
467,Dru Priscott,,
468,Alfreda Chasmer,,
469,Walther Rablin,,
470,Elayne Karet,,
471,Burgess Hancill,,
472,Red Nordass,,
473,Cal Rorke,,
474,Kiersten Dalliwater,,
475,Theda Jagoe,,
476,Demetris McGibbon,,
477,Myra Zaczek,,
478,Lexie Spinetti,,
479,Jessey Doddrell,,
480,Ximenez Meredith,,
481,Lowrance Kleinmintz,,
482,Gizela Northover,,
483,Berte Tootin,,
484,Killy Condie,,
485,Chastity Medlar,,
486,Bennett Pendered,,
487,Jilleen Foux,,
488,Ynez Hows,,
489,Elisabetta Jacke,,
490,Hurlee Dhennin,,
491,Carree Jeffree,,
492,Marena Jacox,,
493,Henry Reaney,,
494,Pansie Alldis,,
495,Mirilla Barff,,
496,Melisandra Mungham,,
497,Ludwig Fuxman,,
498,Pablo Dracksford,,
499,Wanda Ramas,,
500,Granville Mallison,,
501,Alister Stronack,,
502,Dinny Fonzone,,
503,Devonne Yanuk,,
504,Arlette Magauran,,
505,Margarette Hobell,,
506,Karlene Whetson,,
507,Maryellen Gligori,,
508,Kele Bracknell,,
509,Ansell Lethlay,,
510,Rubin Ind,,
511,Marielle Buffey,,
512,Koo Vinick,,
513,Pete Morden,,
514,Merwin Pikhno,,
515,Winnah Laye,,
516,Jacynth Clubb,,
517,Jarib Cranke,,
518,Ellis Castanares,,
519,King Hillin,,
520,Kerri Barnes,,
521,Maybelle Bellows,,
522,Rivi Bowart,,
523,Roosevelt Grigg,,
524,Ulberto Alyutin,,
525,Lyndel Rodwell,,
526,Vaughan Gorch,,
527,Nadine Cudbird,,
528,Korney O'Carney,,
529,Nelli Myrie,,
530,Alisander Cornelisse,,
531,Roxine Humphries,,
532,Deina Agus,,
533,Jemmy Whelan,,
534,Raymond Cranage,,
535,Rici Bollin,,
536,Taffy Shipcott,,
537,Marsh Fransoni,,
538,Alison Jamieson,,
539,Cathleen Gooday,,
540,Andonis Rawling,,
541,Anastasia Baudy,,
542,Robbin Shottin,,
543,Carena Nucator,,
544,Kristian Beeken,,
545,Tiffani Halstead,,
546,Bibbie Bover,,
547,Kalinda Grestye,,
548,Sinclare Milburne,,
549,Barb Murfett,,
550,Hedi Chadwin,,
551,Manolo Russ,,
552,Crysta Garratty,,
553,Maddie Raw,,
554,Tabbie Conboy,,
555,Alberik Fancy,,
556,Cecilia Swinbourne,,
557,Aube Francescuzzi,,
558,Julina Di Franceschi,,
559,Gail Grigaut,,
560,Sol Hynam,,
561,Paddie Tellenbrok,,
562,Damiano Yurasov,,
563,Cahra Delacoste,,
564,Ash Lodford,,
565,Cele Dunster,,
566,Forester Buxcey,,
567,Christabella Coathup,,
568,Pail Duignan,,
569,Veronique Caramuscia,,
570,Moishe Constant,,
571,Adamo Rumens,,
572,Cornelius Harkess,,
573,Gualterio Paget,,
574,Yankee Penright,,
575,Estele Schultze,,
576,Inez Flade,,
577,Ely Doodson,,
578,Laina Thurborn,,
579,Mickie Alred,,
580,Lucais Sewards,,
581,Wilek Ivanyushkin,,
582,Morganne Brecknell,,
583,Beret Behneke,,
584,Jerrie Jiran,,
585,Isac Crimpe,,
586,Paloma Spellar,,
587,Dene Dawby,,
588,Perrine Scalera,,
589,Lilian Dislee,,
590,Ber Dillet,,
591,Vania Gilding,,
592,Persis Chipchase,,
593,Mitzi De Mico,,
594,Erv Padrick,,
595,Jillene Maro,,
596,Wynnie Feronet,,
597,George Woodeson,,
598,Danna O'Nion,,
599,Vivie Twinning,,
600,Baldwin Colchett,,
601,Giusto Sheavills,,
602,Bambie Frears,,
603,Alyse Pimlett,,
604,Kiley Nare,,
605,Becki Bonsall,,
606,Chloette Pyke,,
607,Ferguson Wilcocke,,
608,Gus Trower,,
609,Barnabas Casson,,
610,Fax Rojahn,,
611,Gradey O'Gready,,
612,Jackelyn Jacox,,
613,Skippy McIlwain,,
614,Ham Penhall,,
615,Hamnet Coultas,,
616,Malina Pengelly,,
617,Jonell Aiton,,
618,Dalila Baldree,,
619,Ezri Gouck,,
620,Tiler Kenrack,,
621,Stewart Keppe,,
622,Eyde Ellerton,,
623,Verena Garman,,
624,Leonora Tullett,,
625,Yorgo Muzzillo,,
626,Silva Addy,,
627,Bianka McLanaghan,,
628,Onfroi Kornyakov,,
629,Gabe Boyan,,
630,Verene Beatens,,
631,Reta Leipoldt,,
632,Forest Cole,,
633,Jameson Yaknov,,
634,Tommi Durham,,
635,Rania Gerritsma,,
636,Marcile Meffen,,
637,Igor Durrand,,
638,Debbi Gaule,,
639,Quintus Parcells,,
640,Bentley Gwyneth,,
641,Miquela Dutnell,,
642,Tera Stockdale,,
643,Dore Coyett,,
644,Araldo Bramhall,,
645,Giacopo Bramich,,
646,Wyn Attwoull,,
647,Hyacintha Hanne,,
648,Paco Towersey,,
649,Niles MacMenamy,,
650,Hymie Meadowcroft,,
651,Pietra Paute,,
652,Dolorita Drayton,,
653,Alaric Thaw,,
654,Saw Aspenlon,,
655,Laurianne Diehn,,
656,Linus Gresham,,
657,Pen Pruce,,
658,Danyelle Butts,,
659,Kellina Oates,,
660,Marlo McGeaney,,
661,Gordan Hitscher,,
662,Celinda Mamwell,,
663,Orelle Beadel,,
664,Egon Lawrance,,
665,Tricia Bellsham,,
666,Codee Pindar,,
667,Alexandros Brookfield,,
668,Rowena Santori,,
669,Ara McWard,,
670,Del Hughman,,
671,Kally Biers,,
672,Alena Geratasch,,
673,Darla Kubacek,,
674,Fidelity Banham,,
675,Phillis Denley,,
676,Currie Fidell,,
677,Berne Banbury,,
678,Ximenes Carnachen,,
679,Selia Grigoroni,,
680,Hersh Bolgar,,
681,Evangeline Bernet,,
682,Devonne Whal,,
683,Hilary Pudner,,
684,Allyce Berthon,,
685,Sheffield Turbitt,,
686,Hall Everil,,
687,Andrej Wolfindale,,
688,Far Emmanuele,,
689,Armstrong Collerd,,
690,Kimberli Eisenberg,,
691,Steward Lavies,,
692,Kathy Fairlam,,
693,Sabra Corry,,
694,Fred Tatersale,,
695,Hermione Tire,,
696,Jerome Ovitts,,
697,Salem Morgen,,
698,Row Colchett,,
699,Egbert Mollnar,,
700,Audra Hebborn,,
701,Enrika Marty,,
702,Peggie Biddles,,
703,Wenona MacGinlay,,
704,Coralie Keenlayside,,
705,Ashil Brogini,,
706,Claybourne Costin,,
707,Laney Fadden,,
708,Anna-maria Neilan,,
709,Allyce Mantione,,
710,Haslett Jenkyn,,
711,Dareen Soutar,,
712,Anders Stowe,,
713,Douglas O' Cloney,,
714,Konrad Standering,,
715,Devy Hookes,,
716,Worth Laweles,,
717,Christian Yeld,,
718,Jordan Donner,,
719,Beth Crocket,,
720,Marys Offen,,
721,Sully Cunney,,
722,Tove Jaquest,,
723,Joline Cancelier,,
724,Malchy Huddlestone,,
725,Merrill Baudon,,
726,Roth Cousans,,
727,Shelbi Grishakov,,
728,Carney Speer,,
729,Reggie Hallaways,,
730,Clarette Barreau,,
731,Carlin Brabon,,
732,Eimile Matz,,
733,Raye Rossant,,
734,Forster Pervew,,
735,Carol-jean Croston,,
736,Erinn Vannar,,
737,Henryetta Kempster,,
738,Ferrel Jeratt,,
739,Dieter Crannis,,
740,Cristabel Nutty,,
741,Tamma Clink,,
742,Roddie Winterbotham,,
743,Elsworth Stannas,,
744,Lauri Hughill,,
745,Michaela Babcock,,
746,Camille Symmons,,
747,Georgeanna Boulton,,
748,Koral Stampfer,,
749,Staci Coppens,,
750,Basil Slarke,,
751,Sandor Barradell,,
752,Cornelia Rowth,,
753,Kim McCloughlin,,
754,Josiah Thayre,,
755,Valma Brideau,,
756,Emilie Faircley,,
757,Aldric Jerman,,
758,Gothart Domesday,,
759,Araldo Gutman,,
760,Steffane Karpol,,
761,Tiertza Doogan,,
762,Angel Veschambre,,
763,Renato Paulin,,
764,Hilly Leahey,,
765,Hastie Charopen,,
766,Lorna Bogart,,
767,Flynn Magnay,,
768,Petronille Southwood,,
769,Esra Mc Meekan,,
770,Maribelle Allcroft,,
771,Rhetta Nevill,,
772,Shannon Osban,,
773,Viva Foulstone,,
774,Berenice Marples,,
775,Chauncey Barrott,,
776,Dniren Copperwaite,,
777,Biddy Spadoni,,
778,Dennison Qusklay,,
779,Vale Norwood,,
780,Charline Warriner,,
781,Locke Janaway,,
782,Cathee Briscam,,
783,Dre Danher,,
784,Zolly Heinzel,,
785,Jakie Bullan,,
786,Zena Todari,,
787,Roch Panchen,,
788,Calla Lambal,,
789,Fayre Crocket,,
790,Paton Fritzer,,
791,Leanna Chapelhow,,
792,Sue Voyce,,
793,Felita Dovey,,
794,Freida Nannizzi,,
795,Gauthier Sapshed,,
796,Cynthea O'Hickee,,
797,Kali Avis,,
798,Hedi Pellington,,
799,Katie Betancourt,,
800,Son Hurworth,,
801,Ferdinand Fowley,,
802,Jaynell Alty,,
803,Evan Goldsbury,,
804,Adham Heyns,,
805,Sue Fargie,,
806,Amaleta Brattan,,
807,Gusella Wadeling,,
808,Tasia Fautly,,
809,Brit Northfield,,
810,Manuel Gloyens,,
811,Valerye Phorsby,,
812,Todd Riglesford,,
813,Mikael O'Keevan,,
814,Merlina Lermit,,
815,Eva Dulake,,
816,Halette O'Hanley,,
817,Gianni Aistrop,,
818,Lisle Scamadin,,
819,Mary Jellett,,
820,Anastasie Jahnisch,,
821,Ginevra Pally,,
822,Tony Crabtree,,
823,Rudolph Brozek,,
824,Patrizia Kunrad,,
825,Callie Dunning,,
826,Sly Fullwood,,
827,Francis Runciman,,
828,Maddalena Wolfinger,,
829,Kariotta Core,,
830,Dill Beardshall,,
831,Grenville Penburton,,
832,Faith Grushin,,
833,Payton Rissen,,
834,Lucilia Sandeman,,
835,Westbrooke Blindt,,
836,Curry Able,,
837,Meg Reburn,,
838,Ives Armstead,,
839,Tersina Wolfer,,
840,Kimble Wayvill,,
841,Charisse Risso,,
842,Purcell Eyer,,
843,Fredi Helks,,
844,Sophey Garling,,
845,Natasha Cool,,
846,Audie Willcocks,,
847,Davita Baynham,,
848,Tamarah Filasov,,
849,Gage Tocknell,,
850,Titos Edgcumbe,,
851,Obidiah Zanicchi,,
852,Noni Quickenden,,
853,Hana Livesay,,
854,Ariadne McCrie,,
855,Alberik Rowcastle,,
856,Dominga Mc Kellen,,
857,Emera Whitewood,,
858,Mariann Ibbeson,,
859,Elke Dumingos,,
860,Riordan Wormald,,
861,Dannye Passmore,,
862,Dennie Lilloe,,
863,Dorise Reames,,
864,Windham Meekin,,
865,Licha Verden,,
866,Borden Hacking,,
867,Ardenia Lobb,,
868,Pierson Baal,,
869,Junie Older,,
870,Maressa Fruish,,
871,Christoforo Vagg,,
872,Jehu Dauney,,
873,Jazmin Torald,,
874,Elvina McGlynn,,
875,Leslie Noden,,
876,Julianna Jostan,,
877,Ignace Cooney,,
878,Sorcha Beesley,,
879,Nathanil Eykel,,
880,Ryley McKillop,,
881,Deloria Hannen,,
882,Chris Gummer,,
883,Mariel Bourdel,,
884,Henrie Karolovsky,,
885,Serena Yerby,,
886,Gregg Yellowlea,,
887,Cate Pagitt,,
888,Cynthy Stovold,,
889,Yorgos Staite,,
890,Korney Buffery,,
891,Jackie Kment,,
892,Julius Scutchin,,
893,Thorny Westrip,,
894,Adah Adamczewski,,
895,Mart Malsher,,
896,Enriqueta Kirwin,,
897,Filmer Floyd,,
898,Brendin Meedendorpe,,
899,Florella Reape,,
900,Vincent Boarer,,
901,Brittni Nielson,,
902,Yorgos BoHlingolsen,,
903,Zebedee Spafford,,
904,Nadean Elves,,
905,Joye MacHostie,,
906,Aluin McUre,,
907,Lia Bonar,,
908,Alisander Shoebottom,,
909,Goldie O'Sherrin,,
910,Fairfax Seniour,,
911,Cori Percifer,,
912,Constantina Mottley,,
913,Fanni Caccavella,,
914,Anny Pattemore,,
915,Kameko Cockton,,
916,Devland Pagett,,
917,Dicky Van der Son,,
918,Allyn Gurnay,,
919,Rorie Colicot,,
920,Heinrick Setchfield,,
921,Kelbee Illesley,,
922,Henrie Ledward,,
923,Madlin McGrory,,
924,Zora Hanalan,,
925,Nita Vannacci,,
926,Roanna Safont,,
927,Dacey Witherden,,
928,Dodi Basindale,,
929,Graham Rumford,,
930,Keane Wait,,
931,Charline Windrus,,
932,Mack Fabri,,
933,Morgan Gouldeby,,
934,Desiri Issac,,
935,Beryl Coo,,
936,Elisabetta Dubery,,
937,Aime Ferry,,
938,Noby Torvey,,
939,Harry Beak,,
940,Asia McNess,,
941,Alan Paskell,,
942,Gordan Kneeshaw,,
943,Pauline Danihelka,,
944,Giustina Thorne,,
945,Barnabas Gerrell,,
946,Riley Curnnok,,
947,Gabey Macewan,,
948,Berny Elcoate,,
949,Olive Jeannon,,
950,Mureil Codman,,
951,Hallie Roddam,,
952,Leanna Dur,,
953,Berte Cornall,,
954,Sheela Stein,,
955,Caterina Rosenzwig,,
956,Melita Drinkale,,
957,Delly Ventum,,
958,Othella Flood,,
959,Dal Raper,,
960,Maryjo Strangwood,,
961,Charita Bosworth,,
962,Hakeem Leadston,,
963,Esdras Scoffins,,
964,Charin Pinckard,,
965,Clive Crammy,,
966,Gwenora Beauchamp,,
967,Eleonore Stitcher,,
968,Jenilee Ricardou,,
969,Adiana Shirtliff,,
970,Gardy Neljes,,
971,Anabelle Dominelli,,
972,Pietra Dibdall,,
973,Natka Featenby,,
974,Rosaleen Ionnisian,,
975,Kellby Quarterman,,
976,Annaliese Cowill,,
977,Ethelbert Cordeux,,
978,Adlai Arnull,,
979,Cyril Copelli,,
980,Virginie McGrey,,
981,Renard Crispin,,
982,Nels Hargreaves,,
983,Rene Clements,,
984,Krishnah Pearch,,
985,Marketa Olman,,
986,Sibyl Cuphus,,
987,Alli Cunney,,
988,Zorine Delacourt,,
989,Essie Hagland,,
990,Karia Sonier,,
991,Alexia Candelin,,
992,Sayer Goudman,,
993,Chaddy Mangeney,,
994,Web O'Howbane,,
995,Polly Murton,,
996,Melinda O'Brogan,,
997,Hamlen Mashro,,
998,Ives Darmody,,
999,Waylan Grieve,,
1000,Carlye Chiswell,,
